date,hires,hires_private,unemp,vacancies,empl,ur,eeflow,find_crude,sep_crude,lf,sep_approx,sep,find
2000-12-01,5426,5084,5634,5088,132718,3.9,132007,0.9630812921547746,0.039084464509923214,138352,0.041034373634322385,0.040206852362043466,0.617521849846862
2001-01-01,5722,5385,6023,5234,132698,4.2,131941,0.9500249045326249,0.04165036115905037,138721,0.04246484498636005,0.04156241153319018,0.6163897237365668
2001-02-01,5303,4938,6089,5097,132785,4.2,131858,0.8709147643291181,0.03818206691213253,138874,0.04017773091840193,0.03938599214392158,0.5803261415209164
2001-03-01,5528,5182,6141,4762,132753,4.3,131973,0.9001791239211855,0.04044691988360603,138894,0.04387848108893966,0.04297712100789608,0.5834093284909994
2001-04-01,5204,4871,6271,4615,132456,4.4,131739,0.8298516982937331,0.03819401121854002,138727,0.03962070423385877,0.038852438578830584,0.5624305311416455
2001-05-01,5410,5043,6226,4425,132412,4.3,131305,0.8689367169932541,0.039043133574409535,138638,0.04173337763948892,0.04089219381346587,0.5767049979531238
2001-06-01,5109,4748,6484,4361,132296,4.5,131227,0.7879395434916718,0.0371280413163615,138780,0.03956279857289713,0.03880850523316537,0.5413024129106516
2001-07-01,5244,4895,6583,4447,132171,4.6,130991,0.7965972960656236,0.03841035180190638,138754,0.040788070000226995,0.03998936970767386,0.5445907804567567
2001-08-01,5223,4860,7042,4024,132024,4.9,130580,0.7416927009372337,0.03821550194103518,139066,0.041522753438768656,0.04071187590888192,0.5164237777298173
2001-09-01,4954,4647,7142,4071,131765,5,130558,0.6936432371884627,0.03650753879939277,138907,0.039972678632413716,0.0392302868040032,0.4918374023514289
2001-10-01,5078,4753,7694,3707,131452,5.3,130909,0.6599948011437484,0.03693740703338824,139146,0.04098834555579223,0.040206447307392534,0.4755619920805262
2001-11-01,4914,4595,8003,3775,131142,5.5,130534,0.6140197425965263,0.035736598775459205,139145,0.03866800872336851,0.03795236781427902,0.4552273400485539
2001-12-01,4829,4495,8258,3677,130985,5.7,130347,0.584766287236619,0.03534642457315725,139243,0.037882200251937226,0.037192286803923946,0.4398733219684393
2002-01-01,4855,4532,8182,3699,130852,5.7,129970,0.5933757027621609,0.035866824026981096,139034,0.038020053189863345,0.03732325934330838,0.44488748458930694
2002-02-01,4801,4485,8215,3436,130732,5.7,130289,0.584418746195983,0.03532541732043588,138947,0.036808126548970366,0.03614044291778551,0.44232847450853763
2002-03-01,4706,4376,8304,3612,130721,5.7,130541,0.5667148362235067,0.03425529762962872,139025,0.036795924143787184,0.03614138014051127,0.43039879010938276
2002-04-01,4928,4588,8599,3471,130617,5.9,130344,0.5730898941737411,0.035932310049150616,139216,0.037606130901796875,0.03690556741962092,0.43655240174403975
2002-05-01,4857,4509,8399,3457,130633,5.8,130487,0.5782831289439219,0.0356055429710695,139032,0.03679774635811783,0.03612210790272963,0.4402119619345227
2002-06-01,4869,4554,8393,3412,130683,5.8,130541,0.580126295722626,0.0357190288236861,139076,0.03802330831095091,0.037323595149396205,0.43803849627575775
2002-07-01,4946,4615,8390,3367,130583,5.8,130737,0.5895113230035757,0.036296875514020575,138973,0.037845661380118356,0.03713790010518725,0.44548828144055186
2002-08-01,4871,4522,8304,3517,130587,5.7,130755,0.5865847784200385,0.03545634397660891,138891,0.03798234127439948,0.03728260045752263,0.4418451322452649
2002-09-01,4879,4556,8251,3301,130498,5.7,131393,0.5913222639680039,0.035742703124258986,138749,0.03644500298855158,0.03577222337712105,0.44913134366506446
2002-10-01,4798,4460,8307,3479,130621,5.7,131300,0.5775851691344649,0.03491235910993055,138928,0.036755192503502454,0.03608832805559403,0.4386830844518559
2002-11-01,4792,4443,8520,3514,130618,5.9,130895,0.5624413145539906,0.03526465202835861,139138,0.03782020854706092,0.03713472694414022,0.42712936750021413
2002-12-01,4893,4575,8640,3169,130470,6,130887,0.5663194444444445,0.03614804964539007,139110,0.036667433126389204,0.035988473338398164,0.43464437414365986
2003-01-01,5058,4710,8520,3441,130579,5.8,130692,0.5936619718309859,0.036552435632905715,139099,0.03977668690984004,0.03901603089167183,0.4448106216261787
2003-02-01,4714,4413,8618,3229,130443,5.9,131799,0.5469946623346484,0.034296158424807925,139061,0.03774828852448964,0.03707416808491637,0.41710475486515575
2003-03-01,4470,4176,8588,3099,130233,5.9,131711,0.5204937121564974,0.03263456856241589,138821,0.034760774918799364,0.03417094877903837,0.4046494039065832
2003-04-01,4600,4291,8842,3108,130176,6,131826,0.5202442886224836,0.03320708225249895,139018,0.03517545476892825,0.03456123228304875,0.40602824697071416
2003-05-01,4678,4396,8957,3289,130197,6.1,131944,0.5222730825053031,0.03392828331504099,139154,0.035968570704394076,0.035330056555952005,0.4067343324823135
2003-06-01,4682,4365,9266,3390,130192,6.3,131772,0.505288150226635,0.033973482886102455,139458,0.03603139977878822,0.035391202321969906,0.396506125618012
2003-07-01,4639,4313,9011,2981,130183,6.2,131796,0.5148152258350904,0.03402829850935566,139194,0.03586489787453051,0.035233382140479885,0.40182786324752184
2003-08-01,4666,4414,8896,3190,130153,6.1,131630,0.5245053956834532,0.03407330046505926,139049,0.03508947162186038,0.03446801694590429,0.41005909403532914
2003-09-01,4799,4524,8921,3091,130252,6.1,131702,0.5379441766618092,0.034946320315623385,139173,0.035408285477382284,0.03476408386137253,0.4197113092390464
2003-10-01,4902,4556,8732,3305,130439,6,132061,0.5613834173156207,0.03583298408397579,139171,0.03725112888016624,0.03655988789989917,0.43045402144919953
2003-11-01,4767,4481,8576,3324,130482,5.8,132308,0.5558535447761194,0.034224528234623054,139058,0.03566775493937857,0.035024169096326885,0.42874993248081383
2003-12-01,4984,4659,8317,3414,130595,5.7,132489,0.5992545388962366,0.0362221725525827,138912,0.036862054443125736,0.03616766768426649,0.4545512538876185
2004-01-01,4900,4603,8370,3424,130765,5.7,132603,0.5854241338112306,0.03538618836398743,139135,0.03703590410277979,0.036350637241981176,0.4443653385632206
2004-02-01,4788,4469,8167,3532,130822,5.6,132898,0.5862617852332558,0.03477824149688805,138989,0.03417620889452844,0.03355860221678375,0.4507354833137379
2004-03-01,5227,4873,8491,3525,131139,5.8,132753,0.6155929808032033,0.037902752533530565,139630,0.03779196120147321,0.03704895597099156,0.4656781345893449
2004-04-01,5152,4827,8170,3511,131410,5.6,132799,0.6305997552019584,0.03740846005435347,139580,0.03704436496461461,0.036327844743816784,0.47434122085263863
2004-05-01,4976,4676,8212,3710,131694,5.6,132961,0.6059425231368729,0.035945742897950085,139906,0.037063191944963325,0.036371800668437926,0.4565781929920647
2004-06-01,5009,4716,8286,3337,131789,5.6,133433,0.6045136374607772,0.03586097849343594,140075,0.03755245126679774,0.036847816745853135,0.45499440805919766
2004-07-01,4891,4586,8136,3814,131849,5.5,133431,0.6011553588987217,0.03498787803114254,139985,0.0364356195344675,0.03576817189862269,0.4537897829345189
2004-08-01,5013,4704,7990,3541,131936,5.4,133730,0.6274092615769712,0.03581405932891803,139926,0.03688909774436089,0.036197201391815814,0.4694698761494519
2004-09-01,5062,4728,7927,3821,132082,5.4,133638,0.6385770152642866,0.036451542097538564,140009,0.03566723701942731,0.03499271240577917,0.4804617048915639
2004-10-01,5149,4814,8061,3943,132433,5.5,133561,0.6387544969606749,0.03717618765379589,140494,0.038306162361344986,0.03757111535184077,0.4738355032507796
2004-11-01,5181,4831,7932,3472,132509,5.4,134094,0.653177004538578,0.03728494529078564,140441,0.03816344550181494,0.03742710610762445,0.4826076204085147
2004-12-01,5153,4819,7934,4074,132633,5.4,134242,0.6494832367027981,0.03707409596400751,140567,0.037758325605241505,0.037034376895080046,0.4811834568875628
2005-01-01,5201,4845,7784,3804,132778,5.3,134291,0.6681654676258992,0.037394688262061944,140562,0.037250146861678934,0.03653025064588056,0.4937408392573087
2005-02-01,5276,4948,7980,3965,133033,5.4,134480,0.6611528822055138,0.03774022794830629,141013,0.03875730082009732,0.03799892744314137,0.48664261319705815
2005-03-01,5273,4958,7737,4044,133153,5.2,134785,0.6815303089052605,0.037383519053875054,140890,0.0368748732660924,0.036154597557293666,0.5034401496110918
2005-04-01,5362,5028,7672,4159,133516,5.2,135077,0.698905109489051,0.03833656718716315,141188,0.03887923544743699,0.03810904848065999,0.507281127934055
2005-05-01,5271,4954,7651,3797,133687,5.1,135600,0.6889295516925892,0.03702361131330036,141338,0.037535437252687265,0.03680532183414609,0.5044198996901272
2005-06-01,5376,5076,7524,4062,133940,5,135897,0.7145135566188198,0.03760597666414841,141464,0.03747200238912951,0.03673027456774547,0.5201391657279553
2005-07-01,5328,4974,7406,4256,134297,5,135916,0.7194166891709425,0.03786403627215487,141703,0.03819891732503333,0.03745128176158863,0.5183230790543882
2005-08-01,5409,5089,7345,4142,134495,4.9,136360,0.7364193328795099,0.037943793176757085,141840,0.039800736086843425,0.03901107957944161,0.5227047479004763
2005-09-01,5493,5167,7553,4352,134551,5,136621,0.7272606911161128,0.03827687847979541,142104,0.04013348098490532,0.03932539284205738,0.519233822523103
2005-10-01,5124,4807,7453,4184,134644,5,136599,0.6875083858848786,0.036184651888677824,142097,0.03540447402037972,0.03473955437751519,0.5066834104994833
2005-11-01,5344,5000,7566,4248,135001,5,136768,0.7063177372455723,0.03717461774976697,142567,0.03839971555766253,0.03764976616118809,0.5107415186332992
2005-12-01,5294,4947,7279,4282,135161,4.9,136650,0.7272977057288089,0.03747380397551171,142440,0.03721487707252835,0.03649571245372629,0.5241149792328753
2006-01-01,5271,4952,7064,4397,135425,4.7,137122,0.7461778029445073,0.03679995460481831,142489,0.0366623592394314,0.035958303342568665,0.5346839394432417
2006-02-01,5474,5121,7184,4325,135731,4.8,137643,0.7619710467706013,0.03841870824053452,142915,0.038053208183834175,0.03729636483151322,0.5421180476891625
2006-03-01,5524,5145,7072,4732,136040,4.7,137695,0.7811085972850679,0.03852266954081657,143112,0.03934872096442221,0.0385607002838787,0.5470884512020403
2006-04-01,5215,4866,7120,4790,136211,4.7,137608,0.7324438202247191,0.03612262282325478,143331,0.038021892505010646,0.03730326584784471,0.5202783278781897
2006-05-01,5498,5145,6980,4463,136247,4.6,137853,0.7876790830945559,0.037980333147116956,143227,0.03975867358547347,0.038967241639743855,0.5474881723115275
2006-06-01,5455,5093,7001,4614,136328,4.6,138172,0.7791744036566205,0.037570254264365346,143329,0.038590751716448546,0.037829043458327494,0.5469324845173718
2006-07-01,5573,5203,7175,4394,136522,4.7,138186,0.7767247386759581,0.03830646665033582,143697,0.03960533833374835,0.038808019392861604,0.5448508720703182
2006-08-01,5373,5004,7091,4710,136688,4.7,138364,0.757721054858271,0.03736924404862407,143779,0.03831353154629524,0.03757039856220834,0.5351722214393049
2006-09-01,5288,4869,6847,4737,136824,4.5,138687,0.7723090404556741,0.03639152546649773,143671,0.038472782552768536,0.037738835769158374,0.5387686299120338
2006-10-01,5375,5068,6727,4591,136848,4.4,139140,0.799018879143749,0.03677492749197172,143575,0.03766222378112938,0.03693237346868339,0.557075286604108
2006-11-01,5495,5142,6872,4645,137069,4.5,139289,0.7996216530849826,0.037678507213428504,143941,0.03874690849134377,0.0379806837185398,0.5560690285166168
2006-12-01,5214,4881,6762,4620,137253,4.4,139554,0.7710736468500443,0.035488745252512506,144015,0.036363503894268234,0.035681656276668305,0.5442748950466646
2007-01-01,5426,5066,7116,4763,137476,4.6,139748,0.7625070264193367,0.03676658617954873,144592,0.038901335505833745,0.038143712688325504,0.5357342723619094
2007-02-01,5160,4789,6927,4699,137554,4.5,139839,0.7449112169770463,0.03510052854865663,144481,0.03586227954112564,0.03519814914784147,0.5318902211384611
2007-03-01,5479,5110,6731,4962,137781,4.4,140142,0.8139949487446144,0.03746420266188602,144512,0.03931601599640011,0.038544615159739615,0.5588279822974374
2007-04-01,5353,4974,6850,4689,137843,4.5,140032,0.7814598540145985,0.03682271563419574,144693,0.03774584128319902,0.03702245371339152,0.5467729083928887
2007-05-01,5469,5083,6766,4657,137993,4.4,139889,0.8083062370676914,0.03720237911190212,144759,0.0390599523164219,0.0382961265550843,0.5568090758372186
2007-06-01,5267,4884,6979,4859,138072,4.6,140072,0.7546926493767016,0.03638979231795417,145051,0.038364041949128014,0.037641498037305876,0.5289792212111606
2007-07-01,5217,4893,7149,4598,138042,4.7,140199,0.7297524129248846,0.035989888150545206,145191,0.037973949957259334,0.03726530966311192,0.5172758352056355
2007-08-01,5358,4958,7067,4546,138017,4.6,139756,0.7581717843497948,0.03655754935019975,145084,0.03819819297622762,0.03746631674848333,0.5339491132655989
2007-09-01,5344,4954,7170,4652,138103,4.7,140179,0.7453277545327754,0.03675803196541495,145273,0.03818164703156335,0.03745241021476786,0.5274182144244985
2007-10-01,5398,5068,7237,4636,138174,4.7,140126,0.745889180599696,0.03678572034437116,145411,0.038212688349472446,0.0374759946621499,0.528985538452944
2007-11-01,5176,4839,7240,4646,138292,4.7,140427,0.7149171270718232,0.03525824236345823,145532,0.03666155670610016,0.0359840356057024,0.5136789118496718
2007-12-01,5119,4771,7645,4545,138398,5,140546,0.6695879659908437,0.03524147189425493,146043,0.03698030318357204,0.03630475160641178,0.48810569346152743
2008-01-01,5071,4762,7685,4624,138399,5,140343,0.6598568640208198,0.034729308632674726,146084,0.03718957506918408,0.036516436295905175,0.48119128914628573
2008-02-01,5077,4755,7497,4279,138323,4.9,140482,0.677204215019341,0.0348927513522058,145820,0.0371955495470746,0.036521156327418924,0.49021727755656286
2008-03-01,4924,4592,7822,4225,138255,5.1,140171,0.6295065200715929,0.03383017125779898,146077,0.037184911938085374,0.0365303545560729,0.46201225323724393
2008-04-01,4948,4645,7637,4035,138038,5,140262,0.6478983894199293,0.03409991523262786,145675,0.03722887900433214,0.03656938889769212,0.47216165100842733
2008-05-01,4691,4371,8395,4194,137847,5.4,140237,0.5587849910661108,0.03189681767184988,146242,0.03517668139313879,0.03458475969302144,0.42480316179483657
2008-06-01,4893,4562,8575,3830,137689,5.6,139857,0.5706122448979591,0.03384987893462469,146264,0.0369673684898576,0.03631807717537616,0.430761821546378
2008-07-01,4637,4332,8937,3749,137492,5.8,139696,0.5188542016336578,0.03194643704326131,146429,0.03578390015419075,0.035187004637665886,0.39950466462184986
2008-08-01,4682,4390,9438,3674,137209,6.1,139465,0.49607967789785973,0.032226688340542535,146647,0.03741008242899513,0.03677866003939678,0.3833528570350042
2008-09-01,4499,4217,9494,3222,136758,6.1,139097,0.4738782388877186,0.030784422334558924,146252,0.03629038154989106,0.03569960756286461,0.3697243722068573
2008-10-01,4548,4248,10074,3377,136294,6.5,139089,0.4514592019058964,0.03138486430361847,146368,0.03885717639808062,0.03821542733625061,0.35207358020043145
2008-11-01,4104,3830,10538,3231,135546,6.8,138406,0.3894477130385272,0.028414640007102848,146084,0.03541970991397758,0.03488841447634994,0.3134567369329604
2008-12-01,4348,4076,11286,3146,134849,7.3,137761,0.3852560694665958,0.03033839597741261,146135,0.038027719894103806,0.03742059799772823,0.31027649453677164
2009-01-01,4095,3800,12058,2738,134069,7.8,136272,0.3396085586332725,0.028730442053574026,146127,0.03619777875571539,0.03565003607343331,0.2800628726708171
2009-02-01,4061,3789,12898,2864,133311,8.3,135718,0.31485501628159407,0.02849832753693818,146209,0.03659863027057031,0.03604623795014994,0.2625736426612102
2009-03-01,3858,3605,13426,2534,132493,8.7,135182,0.28735289736332487,0.027381929978761512,145919,0.03416029526088171,0.03366732463417521,0.24420403798037982
2009-04-01,3888,3515,13853,2295,131825,9,134532,0.28066122861474047,0.027757703928930372,145678,0.03218661103736009,0.03171638153485523,0.24187846607983376
2009-05-01,3758,3496,14499,2549,131470,9.4,134523,0.25919028898544727,0.026891707687231838,145969,0.03214421541035983,0.03168887862532843,0.22497387952207282
2009-06-01,3639,3375,14707,2503,131002,9.5,134064,0.24743319507717412,0.025973650311968553,145709,0.030381215553961005,0.02996294620462303,0.21686890527928604
2009-07-01,3857,3601,14601,2232,130661,9.5,133939,0.26415998904184645,0.027729501612127526,145262,0.030904401466390174,0.030452616257522047,0.2308317137619591
2009-08-01,3810,3529,14814,2338,130480,9.6,133559,0.25718914540299714,0.027312121635716512,145294,0.03103923973022682,0.030590309463740195,0.2250946348943248
2009-09-01,3944,3710,15009,2487,130240,9.8,133009,0.2627756679325738,0.02854990627205347,145249,0.03164926289926295,0.031174744727977877,0.22982961749350594
2009-10-01,3838,3510,15352,2406,130062,10,132688,0.25,0.02777777777777778,145414,0.029532069320785448,0.029100590376211932,0.2211792115183867
2009-11-01,4024,3736,15219,2503,130059,9.9,132694,0.26440633418752874,0.029052416298074746,145278,0.03286969759878211,0.03236624797723542,0.23058653550752228
2009-12-01,4004,3753,15098,2568,129808,9.9,132395,0.265200688832958,0.02913969832903756,144906,0.03092259336866754,0.03045053995073055,0.23287698727063433
2010-01-01,3904,3615,15046,2837,129798,9.8,132173,0.25947095573574375,0.028190857718517613,144844,0.030832524384042936,0.03037339720162513,0.22785578164484743
2010-02-01,3864,3580,15113,2666,129700,9.8,132491,0.2556739231125521,0.027778319806020073,144813,0.028527370855821133,0.028106705674891153,0.2267416507783191
2010-03-01,4302,3959,15202,2679,129864,9.9,132520,0.28298908038416,0.031094249675950987,145066,0.031194172364935602,0.030683309182348517,0.24834832197418888
2010-04-01,4159,3820,15325,3153,130115,9.9,132988,0.2713866231647635,0.029819395886028395,145440,0.027890712062406342,0.02744997035897989,0.2415139119806906
2010-05-01,4420,3686,14849,2988,130645,9.6,133100,0.2976631422991447,0.031610245199909175,145494,0.03493436411649886,0.034349911949771994,0.25631651673797073
2010-06-01,4111,3833,14474,2801,130501,9.4,133476,0.28402653033024733,0.029468536259429634,144975,0.03212235921563822,0.031621623649298436,0.24662209653972322
2010-07-01,4163,3882,14512,3082,130420,9.4,133219,0.2868660418963616,0.029763143419710807,144932,0.03188928078515563,0.03138570234102944,0.2494191298270657
2010-08-01,4046,3780,14648,2999,130424,9.5,133241,0.2762151829601311,0.02899496395714083,145072,0.03167361835245042,0.031187317845256857,0.2407097532062782
2010-09-01,4034,3784,14579,2918,130339,9.5,133624,0.2766993620961657,0.02904578939131021,144918,0.028794144500111196,0.028353272572507415,0.2438718971158953
2010-10-01,4173,3865,14516,3235,130620,9.4,133144,0.28747588867456597,0.02982641670574967,145136,0.03092175777063233,0.030433119602704672,0.2509032019144689
2010-11-01,4182,3903,15081,3211,130754,9.8,132891,0.2773025661428287,0.030128216720617756,145835,0.03136424124692172,0.030868023360622554,0.2427726349498709
2010-12-01,4299,4013,14348,3058,130835,9.3,133115,0.29962364092556454,0.030722159433382034,145183,0.032804677647418456,0.032271584888870164,0.2589603747169975
2011-01-01,4000,3714,14013,3104,130842,9.1,133256,0.28544922571897524,0.028576325126982115,144855,0.0289662340838569,0.028528060898328822,0.25003531813404944
2011-02-01,4231,4003,13820,3226,131052,9,133505,0.306150506512301,0.030278621523194604,144872,0.030568018801697017,0.030079981646604304,0.265686393171942
2011-03-01,4430,4179,13737,3261,131277,9,133742,0.32248671471209145,0.03189429046603102,145014,0.03125452287910302,0.030733270161304782,0.27864637443642315
2011-04-01,4296,4028,13957,3259,131604,9.1,133784,0.3078025363616823,0.030814115301334533,145561,0.0318835293760068,0.03136881641862965,0.26580311023223
2011-05-01,4261,4022,13855,3179,131704,9,133609,0.3075424034644533,0.03041628166131955,145559,0.030591326003766017,0.03010190331272211,0.2667736899114477
2011-06-01,4366,4075,13962,3455,131936,9.1,133632,0.31270591605787135,0.031304992696662585,145898,0.03267493330099447,0.03214024728429521,0.26901474401300873
2011-07-01,4261,4020,13763,3623,131991,9,133400,0.30959819806728184,0.030619602006654246,145754,0.03127485964952159,0.030775515222613126,0.26742920166975936
2011-08-01,4298,4057,13818,3329,132124,9,133985,0.3110435663627153,0.030762550519389423,145942,0.030857376403984116,0.030361015212409415,0.26926826008535176
2011-09-01,4429,4159,13948,3774,132345,9,134017,0.31753656438199024,0.03140471515865837,146293,0.031863689599153755,0.03133655830631277,0.2739414995835827
2011-10-01,4370,4101,13594,3619,132557,8.8,134264,0.3214653523613359,0.031018586631356974,146151,0.03188062493870558,0.031360941293591016,0.2762344989276734
2011-11-01,4365,4093,13302,3565,132701,8.6,134531,0.32814614343707715,0.030875895334342048,146003,0.03138634976375465,0.030875886381950268,0.28164807783319556
2011-12-01,4356,4062,13093,3768,132901,8.5,134773,0.3326968609180478,0.03090626576834324,145994,0.030180359816705637,0.029691328905838144,0.28640278183708723
2012-01-01,4457,4172,12797,3909,133246,8.3,134928,0.34828475423927485,0.03152413806091583,146043,0.03140807228734821,0.030888764259454193,0.29692169829131665
2012-02-01,4560,4260,12813,3616,133518,8.3,136005,0.35588855069070474,0.0322123769981772,146331,0.032460042840665726,0.031912152923742165,0.30182151928177936
2012-03-01,4575,4279,12713,3979,133744,8.2,136074,0.3598678518052387,0.03214505865798428,146457,0.033586553415480336,0.0330186548668534,0.30311204272344694
2012-04-01,4389,4098,12646,3793,133827,8.2,136043,0.3470662660129685,0.031001561887868644,146473,0.03198906050348582,0.03147025869545672,0.2943650178326177
2012-05-01,4533,4228,12660,3835,133935,8.2,136238,0.3580568720379147,0.03198329358072876,146595,0.033307201254339835,0.03274991744455813,0.30173068961055816
2012-06-01,4440,4121,12692,3911,134007,8.2,136442,0.3498266624645446,0.03124813324846694,146699,0.03204310222600315,0.031518174602410465,0.2967137011187124
2012-07-01,4327,4032,12656,3735,134153,8.2,136297,0.34189317319848295,0.030539477344526795,146809,0.03093482814398485,0.030441366430939865,0.2914003890196385
2012-08-01,4450,4136,12471,3809,134330,8.1,136142,0.3568278405901692,0.031450549605879986,146801,0.03177250055832648,0.031252109977367604,0.3020701388897127
2012-09-01,4302,4022,12115,3882,134512,7.8,136838,0.35509698720594307,0.03004074295234659,146627,0.03080022600214105,0.030312998768448507,0.3006522490412311
2012-10-01,4389,4120,12124,3775,134671,7.8,137314,0.36200923787528866,0.030625510362551536,146795,0.031380178360597255,0.030874440347463894,0.3055495745579818
2012-11-01,4489,4213,12005,3878,134834,7.7,137389,0.37392753019575176,0.0311943876761353,146839,0.031505406648174805,0.030986879638937648,0.3147693247632164
2012-12-01,4452,4162,12298,3970,135075,7.9,137363,0.3620100829403155,0.03105189636513021,147373,0.031552841014251376,0.031038643324653892,0.3058245428563633
2013-01-01,4487,4204,12471,3923,135265,8,137521,0.35979472375912114,0.031286497718184446,147736,0.03110930395889555,0.030599157795342724,0.30521777121700566
2013-02-01,4571,4275,11950,4004,135544,7.7,137324,0.382510460251046,0.03191040675983808,147494,0.03265360325798261,0.03210924121925807,0.31956375102988954
2013-03-01,4369,4100,11689,4076,135689,7.5,137317,0.37377021130977844,0.030305692808900955,147378,0.030820479184016425,0.03032968454777385,0.31408783032839127
2013-04-01,4572,4282,11760,3988,135876,7.6,137376,0.38877551020408163,0.03197720646700238,147636,0.03206600135417592,0.031532656661416136,0.3247261966004076
2013-05-01,4663,4376,11654,4145,136091,7.5,137802,0.4001201304273211,0.03244217273735036,147745,0.03295588980902486,0.03239780533631209,0.33198280714353123
2013-06-01,4440,4196,11751,4150,136269,7.5,137745,0.37784018381414347,0.030635690579525143,148020,0.03168732433642285,0.03117673235366325,0.3161097753239821
2013-07-01,4561,4291,11335,3885,136391,7.3,138115,0.4023820026466696,0.031687040122121764,147726,0.03165164856918712,0.03112842727123344,0.3344264390229794
2013-08-01,4730,4430,11279,4085,136635,7.2,138296,0.41936341874279637,0.03253681697142386,147914,0.033271123796977387,0.03270195139990972,0.34498366817005666
2013-09-01,4726,4433,11270,4128,136819,7.2,138430,0.41934338952972494,0.03253526298075453,148089,0.032934022321461254,0.032371860480879144,0.34545595370204485
2013-10-01,4518,4237,11136,4222,137039,7.2,137757,0.4057112068965517,0.03147759363852557,148175,0.030961988922861394,0.030457330117069525,0.3371371960088594
2013-11-01,4622,4326,10787,4119,137314,6.9,138511,0.42847872439047,0.03175621050799402,148101,0.033266819115312374,0.032713201348025356,0.3492584493987394
2013-12-01,4614,4333,10404,4121,137368,6.7,138765,0.44348327566320644,0.03184713769499982,147772,0.0322491409935356,0.03171367001335734,0.3609544907336295
2014-01-01,4626,4336,10202,4127,137552,6.6,138725,0.45344050186237994,0.03204183417871208,147754,0.03250407118762355,0.031963676004146846,0.3669556612743242
2014-02-01,4696,4405,10349,4373,137707,6.7,139018,0.45376364866170643,0.032585385273670234,148056,0.03207534838461368,0.03153478571838153,0.36903928487594273
2014-03-01,4763,4456,10380,4388,137986,6.7,139191,0.4588631984585742,0.03295159088609268,148366,0.03225689562709255,0.03170672945867392,0.3728012839688791
2014-04-01,4880,4582,9702,4566,138298,6.2,139763,0.5029890744176458,0.03324661259476977,148000,0.033818276475437115,0.033228716888120235,0.39879608050451465
2014-05-01,4808,4522,9859,4747,138501,6.3,139694,0.4876762349122629,0.03278933062910626,148360,0.03231745619165205,0.031763166987066715,0.39153775433920845
2014-06-01,4925,4600,9460,4982,138833,6.1,140025,0.5206131078224101,0.03382044683404368,148293,0.03372397052573961,0.03313298457498104,0.4102549016215351
2014-07-01,5008,4721,9608,4846,139076,6.2,140405,0.5212323064113239,0.03445245522121757,148684,0.034700451551669564,0.034083249969275586,0.4094576565784128
2014-08-01,4810,4542,9599,5349,139258,6.1,140413,0.5010938639441609,0.03255242353630864,148857,0.032350026569389234,0.031797914521389026,0.3994851080636742
2014-09-01,5149,4815,9262,4914,139563,5.9,140610,0.555927445476139,0.034856237282775995,148825,0.035159748643981525,0.03451924691302788,0.43111157388033416
2014-10-01,5111,4806,8990,5012,139805,5.7,140876,0.5685205784204672,0.03436444641565921,148795,0.034526662136547315,0.033903377230982135,0.43934007739866776
2014-11-01,4978,4682,9090,4843,140089,5.8,141304,0.5476347634763477,0.03371848862168595,149179,0.033557238612596296,0.03296820916747201,0.4270741930066172
2014-12-01,5192,4874,8717,5130,140366,5.6,141276,0.5956177584031204,0.035333256854422394,149083,0.03559266489035806,0.03494258639886394,0.4529174367992891
2015-01-01,5061,4744,8885,5344,140562,5.7,141513,0.5696117051209905,0.03443039999140664,149447,0.034105946130533193,0.033499438448652,0.4396806052198976
2015-02-01,5127,4807,8599,5466,140829,5.5,141636,0.5962321200139551,0.03470134031827252,149428,0.03573127693869871,0.03508875479675888,0.4511413123947293
2015-03-01,5126,4797,8515,5210,140924,5.4,141770,0.6019964768056371,0.03436343525106174,149439,0.03440152138741448,0.033783575014080025,0.4583498231233225
2015-04-01,5196,4847,8550,5598,141202,5.4,141994,0.607719298245614,0.034690107933681984,149752,0.03440461183269361,0.033779535301268204,0.4628107050586756
2015-05-01,5142,4819,8834,5563,141540,5.6,142197,0.5820692777903554,0.03452953342824142,150374,0.03523385615373742,0.03460164494331208,0.444445145274699
2015-06-01,5125,4789,8247,5248,141695,5.3,142256,0.6214380987025585,0.03477953456307878,149942,0.034094357599068426,0.033485348912755786,0.46956227437347775
2015-07-01,5150,4798,8167,6056,141989,5.2,142518,0.630586506673197,0.03458913327743276,150156,0.03527738064216246,0.03464538547357687,0.47097835657633513
2015-08-01,5163,4822,7992,5467,142130,5.1,142418,0.646021021021021,0.03471767341630355,150122,0.03537606416660799,0.03474133872068219,0.47909511586741116
2015-09-01,5287,4964,7907,5488,142265,5,142869,0.668648033388137,0.03519200175727038,150172,0.034913717358450724,0.03427316666183822,0.49551556540771124
2015-10-01,5338,4978,7922,5773,142585,5,142765,0.6738197424892703,0.0354641969731195,150507,0.03585931198933967,0.03519654376041592,0.49578846195314796
2015-11-01,5358,5007,8000,5708,142810,5.1,143102,0.66975,0.03599288724973656,150810,0.03560675022757509,0.034947279106677165,0.4948262413622275
2015-12-01,5540,5168,7907,5845,143083,5,143496,0.7006449981029468,0.036876052531734045,150990,0.03791505629599601,0.03719052045775617,0.5066053462410709
2016-01-01,5220,4867,7627,6012,143198,4.8,143953,0.6844106463878327,0.03450809981787392,150825,0.03497255548261846,0.03434295582557967,0.501072930922537
2016-02-01,5470,5126,7702,5770,143410,4.9,144655,0.7102051415216827,0.03659311454738429,151112,0.03635729725960535,0.03567285280221899,0.5151015732450246
2016-03-01,5359,4995,7961,6129,143666,5,144846,0.6731566386132395,0.03542929676911787,151627,0.035979285286706686,0.03531664909524834,0.4945537413723027
2016-04-01,5294,4952,8067,5803,143856,5.1,144974,0.6562538738068675,0.0352675949042679,151923,0.03648787676565457,0.03582468038892006,0.48227546545974365
2016-05-01,5197,4838,7652,5777,143901,4.8,144848,0.6791688447464715,0.03424380729814142,151553,0.0343708521830981,0.033757778892271384,0.4993977883340601
2016-06-01,5281,4929,7744,5742,144152,4.9,145065,0.6819473140495868,0.0351371381581806,151896,0.03411676563627286,0.0334996505847841,0.5036372687846837
2016-07-01,5426,5021,7641,5962,144515,4.8,145254,0.7101164769009292,0.03580419211265189,152156,0.036515240632460255,0.03583834812710385,0.5122886683734316
2016-08-01,5327,4977,7784,5677,144664,4.9,145552,0.6843525179856115,0.03526106559547315,152448,0.03477022617928438,0.03413804889296579,0.5031115555053389
2016-09-01,5306,4912,7953,5868,144961,5,145571,0.667169621526468,0.035114190606656215,152914,0.03585792040617819,0.03520968001369695,0.4894648252648067
2016-10-01,5210,4895,7811,5591,145069,4.9,145613,0.6670080655485854,0.03436739769913847,152880,0.03508675182154697,0.03446425895490901,0.4897277507115698
2016-11-01,5308,4976,7553,5971,145189,4.7,145345,0.7027671124056666,0.034659028628611054,152742,0.035050864734931686,0.034418041790502896,0.5105470293858364
2016-12-01,5343,5011,7521,5964,145408,4.7,145605,0.710410849621061,0.0350360020274815,152929,0.03515625,0.034518349082034216,0.5146899604888429
2017-01-01,5499,5147,7468,5617,145639,4.7,145633,0.7363417246920193,0.036314859454905465,153107,0.03634328716895885,0.03566587822899203,0.5267142444726725
2017-02-01,5350,5004,7379,5923,145845,4.6,145967,0.7250304919365768,0.0349595415399188,153224,0.03579142240049371,0.03514300583330243,0.5192160941295001
2017-03-01,5395,5058,7073,5811,145975,4.4,146521,0.7627597907535699,0.03510609915602205,153048,0.035608837129645465,0.034958990217128894,0.5393235134992416
2017-04-01,5272,4937,7089,6091,146172,4.4,146767,0.7436874030187615,0.03422829051550785,153261,0.03458254658894999,0.03396648098914734,0.530857850517978
2017-05-01,5477,5127,7000,5826,146389,4.4,146808,0.7824285714285715,0.036011356843992835,153389,0.036054621590420055,0.03538862913032437,0.5485766521804517
2017-06-01,5635,5295,6873,6305,146588,4.3,146733,0.8198748726902372,0.03683868288994796,153461,0.0371858542309057,0.036480337768128424,0.5651199068246429
2017-07-01,5497,5148,6892,6238,146772,4.3,146981,0.7975914103308184,0.035837440589577003,153664,0.036532853677813226,0.035857290038678435,0.5536430316728149
2017-08-01,5519,5210,7082,6276,146907,4.4,147308,0.77929963287207,0.035867347119635025,153989,0.03694173865098327,0.036256503048576305,0.5439355725867021
2017-09-01,5450,5095,6854,6320,146999,4.3,147413,0.7951561132185585,0.03572801762633021,153853,0.03606827257328282,0.03540795075945091,0.5529588134824177
2017-10-01,5581,5227,6700,6408,147147,4.2,147372,0.8329850746268657,0.036519178637085974,153847,0.03636499554866901,0.03568417969636595,0.5724929506569922
2017-11-01,5494,5125,6774,6271,147377,4.2,147287,0.811042220253912,0.0355571745831569,154151,0.03630145816511399,0.035633261856314546,0.560031931094541
2017-12-01,5421,5062,6632,6336,147521,4.1,147585,0.8174004825090471,0.03494621458067875,154153,0.03573728486113836,0.03508873674809676,0.5631127466708621
2018-01-01,5512,5185,6489,6621,147670,4,147750,0.8494375096316844,0.03539322956798685,154159,0.03469899099343132,0.034059654818257123,0.5851533046060114
2018-02-01,5624,5271,6581,6552,148058,4.1,148667,0.8545813706123689,0.03653580416590941,154639,0.03647894743951696,0.03579497731794412,0.5817361286895234
2018-03-01,5623,5282,6472,6818,148281,4,148887,0.8688195302843016,0.0362008137618459,154753,0.03694337103202705,0.036251782661731013,0.58531090584432
2018-04-01,5590,5240,6459,6877,148426,4,148892,0.8654590493884502,0.036060793724518765,154885,0.035445272391629534,0.03478634593780949,0.5900676472938247
2018-05-01,5859,5504,6196,7016,148755,3.8,149550,0.9456100710135571,0.03735258076768729,154951,0.03796847164801187,0.03723063331255794,0.6189563541815268
2018-06-01,5760,5373,6447,7230,148966,4,149546,0.893438808748255,0.03722661703117729,155413,0.038290616650779374,0.03755982693831239,0.5926013388105078
2018-07-01,5649,5303,6195,7190,149022,3.8,149450,0.911864406779661,0.03601959195179534,155217,0.036229549999328925,0.03555165191539755,0.606949773477274
2018-08-01,5815,5426,6156,7208,149272,3.8,149139,0.9446068875893437,0.037312953979620644,155428,0.038359504796612875,0.03762202239123846,0.6142847294402163
2018-09-01,5625,5287,6073,7411,149361,3.7,149509,0.9262308578956034,0.03558727076026722,155434,0.036555727398718596,0.035876058019022605,0.6098185596059085
2018-10-01,5907,5562,6211,7304,149526,3.8,149919,0.9510545805828369,0.0375676445552472,155737,0.038862806468440314,0.03810525964327671,0.6170049250883485
2018-11-01,5826,5461,6115,7594,149622,3.8,150244,0.9527391659852821,0.03763418742977206,155737,0.037715041905602154,0.03699034841801074,0.6208165522651687
2018-12-01,5768,5400,6389,7489,149805,3.9,150384,0.9028016904053843,0.036638153929042655,156194,0.03644070625146023,0.035748313356968264,0.6050355420952018
2019-01-01,5814,5430,6439,7517,150114,4,150277,0.9029352383910545,0.03762230159962727,156553,0.03887712005542454,0.03813385953899773,0.5938968873028544
2019-02-01,5680,5326,6115,7072,150092,3.8,150321,0.92886345053148,0.036691071850515844,156207,0.03632438770887192,0.03564582508845815,0.613078335562429
2019-03-01,5698,5344,6182,7337,150320,3.8,150525,0.9217081850533808,0.03640843142622502,156502,0.03628924960085156,0.035610251546302596,0.6106739979960927
2019-04-01,6011,5643,5911,7191,150563,3.6,150589,1.0169176112332938,0.03797617635311057,156474,0.039478490731454596,0.038700874374506644,0.6407606894950939
2019-05-01,5725,5396,5941,7311,150630,3.7,150549,0.9636424844302306,0.03702468527925082,156571,0.0368983602204076,0.03620608638561151,0.6246102990805822
2019-06-01,5768,5413,5909,7139,150797,3.6,150656,0.976138094432222,0.036453289833568464,156706,0.03770632041751498,0.03699435444411403,0.6262439651071703
2019-07-01,5886,5537,6008,7051,150879,3.7,151030,0.979693741677763,0.03764140025137823,156887,0.037473737233147064,0.03675238056133723,0.6330255577535937
2019-08-01,5914,5491,5981,7172,151111,3.7,151449,0.9887978598896505,0.037991195032104956,157092,0.03776693953451438,0.03703761192093702,0.6355502234007264
2019-09-01,5973,5607,5775,7160,151318,3.5,151895,1.0342857142857143,0.037512953367875655,157093,0.03862065319393593,0.03786844854264537,0.6494127927974491
2019-10-01,5805,5432,5957,7325,151447,3.6,152192,0.9744838005707571,0.03639151122463409,157404,0.036910602388954605,0.03621232065621116,0.6304971636195003
2019-11-01,5868,5476,5911,6919,151662,3.6,152508,0.9927254271696836,0.03707273379471848,157573,0.03801875222534323,0.03729272816082174,0.6331884298723147
2019-12-01,5913,5557,5870,6709,151764,3.6,152355,1.0073253833049405,0.03761796037238367,157634,0.036761023694683814,0.03605435189846207,0.6473897684683574
2020-01-01,6014,5618,5804,7184,152098,3.5,151976,1.0361819434872501,0.03758172852026296,157902,0.03774540099146606,0.03700912434407011,0.6555909013534866
2020-02-01,5998,5591,5708,6995,152371,3.5,152503,1.0508058864751226,0.038112130597543314,158079,0.048729745161480875,0.047781622716388306,0.600313614818139
2020-03-01,5172,4782,7184,5794,150944,4.4,150067,0.7199331848552338,0.03313500013978064,158128,0.17016906932372267,0.16721696006956854,0.24344435587689273
2020-04-01,4052,3826,23050,4686,130430,14.7,128530,0.17579175704989153,0.030294710769442033,153480,0.010940734493598114,0.010773091406713342,0.17038835676065245
2020-05-01,8098,7845,20939,5581,133055,13.2,123905,0.3867424423324896,0.058813366806323306,153994,0.026552929239788026,0.02576544858757901,0.3549505276698266
2020-06-01,7488,7218,17624,6119,137620,11,129849,0.424875170222424,0.05251266148816476,155244,0.04391803516930681,0.04274663226400588,0.3589849690572281
2020-07-01,6255,5917,16324,6514,139064,10.2,134582,0.38317814261210487,0.04352357521874687,155388,0.032503020192141796,0.03178435206535446,0.33400256120991645
2020-08-01,5938,5404,13521,6360,140799,8.4,137848,0.43916870053990087,0.040273112276584797,154320,0.03534826241663647,0.03461407541808059,0.36670813971768945
2020-09-01,5949,5611,12599,6512,141760,7.9,140153,0.4721803317723629,0.040501895993503435,154359,0.03689334085778784,0.03613057422457355,0.3857673844677484
2020-10-01,6135,5791,11090,6820,142479,6.9,141466,0.5532010820559062,0.04099986537256448,153569,0.04120607247383823,0.04033179395803521,0.4291245388282482
2020-11-01,5906,5570,10760,6875,142743,6.7,143038,0.5488847583643123,0.039416161640309665,153503,0.04325255879447676,0.042369711178009584,0.4180903978059578
2020-12-01,5598,5267,10795,6854,142475,6.7,143007,0.5185734136174155,0.037239462714219546,153270,0.0358238287418845,0.03512957378844206,0.41254927881162695
2021-01-01,5647,5256,10155,7175,142969,6.3,143161,0.556080748399803,0.03738856686145954,153124,0.035476222118081546,0.03478519277214531,0.43677121780423267
2021-02-01,5864,5542,9982,7760,143544,6.2,143412,0.5874574233620516,0.0388298083672145,153526,0.03538984562224823,0.034677364942039546,0.45898952600618437
2021-03-01,6105,5723,9712,8399,144328,6.1,144035,0.6286037891268533,0.04083581590706928,154040,0.040317887035086764,0.03947734877824782,0.47225108452333375
2021-04-01,6170,5805,9737,9288,144614,6.1,144120,0.6336654000205402,0.04116463195021613,154351,0.03933229147938655,0.03850548926544228,0.47886416262388876
2021-05-01,6036,5715,9257,9840,145096,5.8,144561,0.6520470994922761,0.040147273641774964,154353,0.03682389590340185,0.0360690633377605,0.49373850431637867
2021-06-01,6543,6150,9508,10069,145789,5.9,145028,0.6881573411863694,0.04314695337937917,155297,0.03960518283272396,0.0387303559053902,0.5138186885465978
2021-07-01,6555,6164,8704,10882,146558,5.4,145430,0.7531020220588235,0.042988910350080844,155262,0.04020251368059058,0.03931737728242779,0.5449634483288093
2021-08-01,6415,6044,8324,10960,147221,5.2,146274,0.7706631427198463,0.0422726618369536,155545,0.03979051901562958,0.038936595854005995,0.551283961071714
2021-09-01,6629,6280,7677,10882,147778,4.8,147093,0.8634883418001824,0.04353722731765626,155455,0.039572872822747684,0.03869918514730275,0.6006087002944489
2021-10-01,6667,6292,7345,11368,148559,4.5,147419,0.9076923076923077,0.0427708417237213,155904,0.04074475460927984,0.03984462859687765,0.6149399258872656
2021-11-01,6843,6450,6780,11232,149173,4.2,148404,1.00929203539823,0.044248711364014266,155953,0.04205854946940801,0.04110905855832048,0.6543091125027355
2021-12-01,6632,6233,6329,11826,149742,3.9,149614,1.0478748617475115,0.0425256187389729,156071,0.04185866356800361,0.04094561691111176,0.6621079494794391
2022-01-01,6496,6099,6511,11487,150106,4,149587,0.9976962064199048,0.041570675267496034,156617,0.03725367407032365,0.03645986841226356,0.6629457004843782
2022-02-01,6800,6384,6272,11601,151010,3.8,150669,1.0841836734693877,0.04282638211209639,157282,0.04228859015959208,0.041351018356505786,0.6765804837038643
2022-03-01,6577,6191,5972,12027,151424,3.6,151648,1.1013060951105158,0.04112761351035122,157396,0.04175692096365169,0.040863316747161704,0.6769962668391631
2022-04-01,6572,6177,5968,11755,151678,3.6,151560,1.101206434316354,0.04112389173795514,157646,0.04092880971531798,0.0400551326467683,0.6811448447104023
2022-05-01,6545,6142,5979,11443,152042,3.6,151616,1.0946646596420806,0.04087959309866692,158021,0.040613777771931425,0.039752378935388966,0.6791623745173824
2022-06-01,6448,6047,5945,10961,152412,3.6,151638,1.0846089150546678,0.040504067367186765,158357,0.03857963939847253,0.037775437853690086,0.6835409110232102
2022-07-01,6340,5935,5718,11380,152980,3.5,151614,1.1087792934592515,0.04021479302701949,158698,0.03914237155183686,0.038342668155466164,0.6837784684663288
2022-08-01,6478,6061,6021,10198,153332,3.7,151838,1.075901013120744,0.0413378374719289,159353,0.039965564917955776,0.03913340945672894,0.6719559039830798
2022-09-01,6226,5828,5770,10854,153682,3.5,152382,1.0790294627383015,0.0391357836226327,159452,0.0384039770435054,0.037636726573363255,0.6725680933845315
2022-10-01,6164,5777,6053,10471,154006,3.7,152319,1.0183380142078309,0.03912617500071625,160059,0.03814137111541105,0.037388392865586706,0.649382205669181
2022-11-01,6253,5825,6000,10746,154296,3.6,152058,1.0421666666666667,0.038919087136929466,160296,0.03897703116088558,0.03819799865557871,0.6560995911616688
2022-12-01,6251,5809,5722,11234,154535,3.5,152259,1.0924501922404755,0.03962254583255611,160257,0.03739605914517752,0.036650187199620654,0.6831422721990756
2023-01-01,6327,5917,5694,10563,155007,3.4,153035,1.1111696522655428,0.03910949086648909,160701,0.03921758372202544,0.03842818783458468,0.6804853898518975
2023-02-01,6150,5754,5936,9974,155255,3.6,153634,1.0360512129380053,0.038690709196854974,161191,0.03821455025603038,0.03746773437185347,0.6531972763254281
2023-03-01,6066,5671,5839,9745,155472,3.5,154409,1.0388765199520467,0.03767945927287216,161311,0.03762092209529688,0.036896618424225425,0.6543347684109485
2023-04-01,6101,5709,5657,10320,155689,3.4,154550,1.078486830475517,0.03795916380555651,161346,0.03738221711232004,0.03665945518539193,0.6709124029015796
2023-05-01,6231,5828,6097,9616,155970,3.7,154673,1.021978021978022,0.039266029920235535,162067,0.03876386484580363,0.03799991351931542,0.6467759293827546
2023-06-01,5905,5517,5957,9582,156155,3.6,154531,0.9912707738794695,0.03701841064280177,162112,NA,NA,NA
